Date,Close,Volume,Log_Returns,Realised_Volatility,RSI,MACD,MACD_Signal,Normalised_Volume,Momentum
2018-01-31,2823.81005859375,4276270000,0.0004888658586947881,0.005595924825747651,68.13860940609027,15.001973618801912,14.427999641001703,1.9335275716623186,21.25
2018-02-01,2821.97998046875,3977380000,-0.0006482983520233253,0.005548048866108538,64.25797191185163,13.4898476455528,14.238974482422401,0.8537192319864987,23.949951171875
2018-02-02,2762.1298828125,4340220000,-0.021436680516698812,0.007595021738684919,44.80409127499829,8.091104120904674,13.002099187071037,1.7656858614815398,-48.170166015625
2018-02-05,2648.93994140625,5310840000,-0.041842540938381426,0.012022508843836146,30.994716528428683,-3.9789396546098033,9.589777183677286,3.142981234502287,-184.030029296875
2018-02-06,2695.139892578125,5917350000,0.017290573348937088,0.012742151040741704,34.889136008868846,-10.107099582869523,5.635462853202352,3.048250383906544,-143.989990234375
2018-02-07,2681.659912109375,4646300000,-0.005014138223752627,0.012761240209990869,34.03220813886645,-15.705631927147351,1.3543048911369377,0.9421528194331065,-155.880126953125
2018-02-08,2581.0,5333840000,-0.0382590522458017,0.01520463929001374,24.67864813028453,-27.019139303687098,-4.334137758212258,1.7436170585351447,-258.25
2018-02-09,2619.550048828125,5690110000,0.014825645199524345,0.015575167897462813,27.230844245146983,-32.76919436875323,-10.032170678910605,1.913181887401515,-253.320068359375
2018-02-12,2656.0,4069220000,0.013818665678186272,0.015879976278727087,31.64848069677545,-34.24694003882587,-14.882630273570111,-0.2557079428970113,-197.530029296875
2018-02-13,2662.93994140625,3503540000,0.0026095219802775584,0.01591614908139744,32.68887604363643,-34.49902946250495,-18.810772916414678,-0.9335358641154088,-159.489990234375
2018-02-14,2698.6298828125,4011940000,0.013313439808897013,0.0160889949281646,36.9380205697035,-31.685945842959427,-21.388360220546456,-0.2846484218999112,-125.18017578125
2018-02-15,2731.199951171875,3696140000,0.01199686177677526,0.016386367160616467,36.81476213306552,-26.72391807330905,-22.45631791435621,-0.699822773063556,-90.780029296875
2018-02-16,2732.219970703125,3646920000,0.0003733996499216942,0.01633895010720727,38.31107301209717,-22.461269171845288,-22.457308793898548,-0.7566539099643675,-29.909912109375
2018-02-20,2716.260009765625,3646920000,-0.005858517106837343,0.01621117130840087,39.46246126617564,-20.057779974473306,-21.977159565430433,-0.7742915842374374,67.320068359375
2018-02-21,2701.330078125,3789040000,-0.005511664483310908,0.016195553931149916,38.162063897926416,-19.06438587246612,-21.394368418662527,-0.6105889395164721,6.190185546875
2018-02-22,2703.9599609375,3720620000,0.0009730774855778604,0.0162087812526411,38.61073650303597,-17.870057330502732,-20.689277385908422,-0.6707305971176107,22.300048828125
2018-02-23,2747.300048828125,3200360000,0.015901278245121022,0.016711677947343514,48.52177535891536,-13.45654295356644,-19.242354856874925,-1.2643826105681184,166.300048828125
2018-02-26,2779.60009765625,3436590000,0.011688438620627399,0.01670817212674973,65.52817089390624,-7.398686384093253,-16.873129093379035,-0.958628113846126,160.050048828125
2018-02-27,2744.280029296875,3752070000,-0.012788311441467541,0.016858978603001597,55.995041412899475,-5.26149769373751,-14.55041688668932,-0.5722535443737999,88.280029296875
2018-02-28,2713.830078125,4244570000,-0.011157806083656078,0.01686463652484756,53.76867692895546,-5.854402483565082,-12.810982795615404,0.043686250678103916,50.89013671875
2018-03-01,2677.669921875,4514490000,-0.013413965854876449,0.017043880695295215,63.34077257614779,-9.022593753812089,-12.053224408561773,0.3732597230615339,-20.9599609375
2018-03-02,2691.25,3891250000,0.005058785485198549,0.017126854073924627,60.62725032477049,-10.355561206244147,-11.713662881398204,-0.4168516443988638,-39.949951171875
2018-03-05,2720.93994140625,3733640000,0.01097161761052657,0.01675725445074831,59.822119616913916,-8.992020144578419,-11.169297286431622,-0.5742436372013755,-11.280029296875
2018-03-06,2728.1201171875,3389030000,0.0026353829319968104,0.013687038416466438,59.851295902703974,-7.266512060535661,-10.388697741370699,-0.9203160714051577,11.860107421875
2018-03-07,2726.800048828125,3406690000,-0.000483991825716375,0.01317331991587799,54.7512437606083,-5.934415481764063,-9.49780248548824,-0.8678148995134619,25.469970703125
2018-03-08,2738.969970703125,3206040000,0.004453148208884627,0.01313160457782471,51.407355784282686,-3.878592409081648,-8.37392130866355,-1.0665717680038806,35.010009765625
2018-03-09,2786.570068359375,3376870000,0.017229546741207587,0.009835913716392548,58.42296673310662,1.4784468614752768,-6.40339274431651,-0.7519314013720774,39.27001953125
2018-03-12,2783.02001953125,3216960000,-0.001274797337998416,0.009543275216670958,60.76009138536339,5.380278101150452,-4.046606017122827,-1.2942977450578188,3.419921875
2018-03-13,2765.31005859375,3324290000,-0.006383910414314703,0.00940910538535722,60.220428220428225,6.99202353479086,-1.8388407188909912,-0.8958438516969036,21.030029296875
2018-03-14,2749.47998046875,3394630000,-0.005740969825188786,0.009565385587229474,56.977302902887324,6.936605578638137,-0.08372640955668147,-0.671781333802289,35.64990234375
2018-03-15,2747.330078125,3543710000,-0.0007822363990965508,0.00916786343306265,50.00526810364544,6.645555168051942,1.2621452731030731,-0.18540672146754755,69.66015625
2018-03-16,2752.010009765625,5429140000,0.0017019979472317418,0.008793030472184039,44.64041977821642,6.708640713200111,2.3514543112908735,3.272742838647791,60.760009765625
2018-03-19,2712.919921875,3327460000,-0.014306040541373417,0.009386221187704255,43.99600640545642,3.612104897547397,2.6035862709985373,-0.6517244216154138,-8.02001953125
2018-03-20,2716.93994140625,3272590000,0.0014807086617189258,0.009302805493316108,50.66243281023781,1.4613506846744713,2.3751378182225733,-0.7090680831857135,-11.18017578125
2018-03-21,2711.929931640625,3434780000,-0.0018456921256294063,0.009224013347528415,58.41437163089948,-0.6343293039021773,1.7732415788461373,-0.3776214992010122,-14.8701171875
2018-03-22,2643.68994140625,3765460000,-0.025484886972854417,0.010859046773029927,40.79150878466786,-7.644405056148571,-0.1102947952990306,0.22423676959954736,-95.280029296875
2018-03-23,2588.260009765625,3829380000,-0.02118980731175066,0.010964582368296266,26.639230456428606,-17.41907018858865,-3.572060235558713,0.2883511390655158,-198.31005859375
2018-03-26,2658.550048828125,3538080000,0.02679504070603539,0.012448310568738937,39.97809635213525,-19.330054188666963,-6.7236665727782645,-0.2642959037130234,-124.469970703125
2018-03-27,2612.6201171875,3761320000,-0.0174272856453219,0.012696220059067622,35.42507711591165,-24.23402996152754,-10.225745959179424,0.1518606559870696,-152.68994140625
2018-03-28,2605.0,3875720000,-0.0029209188994626773,0.012531698075355206,32.69793103274314,-28.401385716372715,-13.860879481443995,0.4109796254771527,-144.47998046875
2018-03-29,2640.8701171875,3572360000,0.013675777493843445,0.01270122046129957,30.595081942693113,-28.50478883424603,-16.78966494268493,-0.08755921481885848,-106.4599609375
2018-04-02,2581.8798828125,3635780000,-0.022590682343495868,0.013520664855069706,26.658314464382457,-32.92929071285789,-20.017593262662405,0.07151889974109965,-170.130126953125
2018-04-03,2614.449951171875,3395840000,0.012535961315741067,0.013604374118482374,33.07682490437763,-33.440472011448946,-22.702171118840752,-0.39563463404066834,-98.469970703125
2018-04-04,2644.68994140625,3369230000,0.01150010234644679,0.013904315984128803,38.6130056125822,-31.06339800829528,-24.374417546417753,-0.4488541098374937,-72.25
2018-04-05,2662.840087890625,3230430000,0.006839421401651201,0.014029813400746419,41.127435673004896,-27.407993834583067,-24.98113310872404,-0.7132381482750002,-49.08984375
2018-04-06,2604.469970703125,3312390000,-0.022164067057064987,0.014712493432010712,36.07642066478476,-28.861043614517257,-25.757115521621607,-0.5588792468453945,-39.219970703125
2018-04-09,2613.159912109375,3076140000,0.0033309949675928295,0.014043707229638382,40.01242650786286,-28.98070314985489,-26.401833254472557,-0.9968143966272361,24.89990234375
2018-04-10,2656.8701171875,3579130000,0.01658859899631407,0.014724960245049384,44.428805750208994,-25.274355203835967,-26.176337586368025,-0.008811290342297173,-1.679931640625
2018-04-11,2642.18994140625,3054520000,-0.005540685772461173,0.014713913048743683,43.64591799918765,-23.248153872507828,-25.59070072313747,-1.0410859088379214,29.56982421875
2018-04-12,2663.989990234375,3045330000,0.008216898697657044,0.014871154951367689,52.02054443331491,-19.664005334868307,-24.40536145043552,-0.9991170555333647,58.989990234375
2018-04-13,2656.300048828125,2988540000,-0.0028907998267066345,0.014872680699845521,57.483488592655604,-17.242855168642564,-22.972860005501918,-1.0251138417267538,15.429931640625
2018-04-16,2677.840087890625,3020740000,0.008076336801563068,0.01501668084584135,52.37649230073281,-13.437388817579176,-21.065765567076884,-1.3496841686666778,95.960205078125
2018-04-17,2706.389892578125,3286190000,0.01060507161386675,0.01491969671887263,62.06908470899215,-8.033024712666702,-18.45921717659358,-0.40719806036351597,91.93994140625
2018-04-18,2708.639892578125,3412030000,0.0008310204075532664,0.014916733938241214,63.52645105950174,-3.52849583062698,-15.47307270613452,0.010098680046354272,63.949951171875
2018-04-19,2693.1298828125,3375120000,-0.00574258179583257,0.014965379630600316,57.20345998683525,-1.1928992485031813,-12.617037860611157,-0.10966514745985877,30.289794921875
2018-04-20,2670.139892578125,3428260000,-0.008573177188352708,0.013910944923155444,63.50613339470339,-1.1785277104299894,-10.329335731892801,0.143918764983704,65.669921875
2018-04-23,2670.2900390625,3030390000,5.623011118453955e-05,0.012945326349704599,59.486270433839856,-1.1418846403416865,-8.49184545017312,-1.2224307714227702,57.130126953125
2018-04-24,2634.56005859375,3716020000,-0.013470888006475166,0.011903352324169903,48.31061933642991,-3.9438684669717077,-7.582250028421651,1.3221783330573527,-22.31005859375
2018-04-25,2639.39990234375,3563680000,0.0018353742328236348,0.0112171694406495,45.90922066799885,-5.7088699402283964,-7.20757400250806,0.8331122793550404,-2.7900390625
2018-04-26,2666.93994140625,3690920000,0.010380144187376953,0.011395932375912975,62.21690658645468,-4.833989656349331,-6.732857124888793,1.4577808224748992,2.949951171875
2018-04-27,2669.909912109375,3234510000,0.001113005271363815,0.011010330723032901,61.352261583362306,-3.8569652674214012,-6.1576787452652955,-0.37200355495487936,13.60986328125
2018-04-30,2648.050048828125,3749510000,-0.008221192548921247,0.00982620117817404,48.06662121359696,-4.788404999936574,-5.88382399310285,1.7204388754156896,-29.7900390625
2018-05-01,2654.800048828125,3562820000,0.0025458021710273926,0.00947059672992799,52.863724821609765,-4.925947846676991,-5.69224876208464,0.9051695000812642,-51.58984375
2018-05-02,2635.669921875,4047020000,-0.007231951201402355,0.009277435556237716,43.489632149820565,-6.501399980858423,-5.854079007010563,2.2822822751252696,-72.969970703125
2018-05-03,2629.72998046875,3867530000,-0.002256217585064076,0.009137586417311275,43.84238738682669,-8.134807445382194,-6.3102246973257925,1.4803925209551405,-63.39990234375
2018-05-04,2663.419921875,3335260000,0.012729810028334959,0.008078551190927857,46.836290556703595,-6.637615732947779,-6.375702904753464,-0.21622200069803882,-6.719970703125
2018-05-07,2672.6298828125,3266810000,0.003451980554989958,0.008080339754785507,41.906396288722064,-4.655109569799151,-6.0315842364875225,-0.47605935260909876,2.33984375
2018-05-08,2671.919921875,3745100000,-0.0002656766117338216,0.007215328572460165,41.13128911625998,-3.105401640634227,-5.4463477155820605,1.034093837007566,37.35986328125
2018-05-09,2697.7900390625,3913650000,0.009635647934868785,0.00736712634596281,51.07189225371412,0.20581728367051255,-4.315914713050812,1.4081298879583364,58.39013671875
2018-05-10,2723.070068359375,3380640000,0.009327011603848374,0.007427965553472476,62.04766117488064,4.812502352764568,-2.490231296424164,-0.32853803494706374,56.130126953125
2018-05-11,2727.719970703125,2874850000,0.001706139270961256,0.0073689712383871704,62.80947811966687,8.737457113533765,-0.24469361102450357,-1.9040828211353615,57.81005859375
2018-05-14,2730.1298828125,2994360000,0.0008830995101265589,0.0071956987814918005,75.03799314332497,11.905041338225146,2.18525338177579,-1.5109404240245337,82.079833984375
2018-05-15,2711.449951171875,3291190000,-0.006865655043990812,0.0070224374577374845,67.59982299808327,12.761998819053588,4.30060247128606,-0.5764271234573833,56.64990234375
2018-05-16,2722.4599609375,3248480000,0.004052339847514407,0.00707697612006387,64.75343258483824,14.165649535099874,6.273611885581984,-0.6772754667085003,86.7900390625
2018-05-17,2720.1298828125,3478150000,-0.0008562387886101002,0.006942104683554603,63.39057989977619,14.91815892509021,8.002521294558413,0.022464174286721372,90.39990234375
2018-05-18,2712.969970703125,3383270000,-0.0026356652545503154,0.006654737829518944,68.78254481755124,14.766871019984592,9.355391240316463,-0.2664525700015041,49.550048828125
2018-05-21,2733.010009765625,3053480000,0.007359604547933372,0.006810583470009833,71.01177217547809,16.07782876034662,10.69987874485741,-1.305167225431003,60.380126953125
2018-05-22,2724.43994140625,3384140000,-0.0031406885928751895,0.005984089722189963,75.28342873672557,16.238372511409125,11.807577498520319,-0.22005464265349003,52.52001953125
2018-05-23,2733.2900390625,3333160000,0.0032431452068987514,0.005994317327515591,79.01492806838019,16.884756272885625,12.823013253651938,-0.34568622379105346,35.5
2018-05-24,2727.760009765625,3285750000,-0.0020252629577225518,0.00568806213498196,71.40388123366508,16.75779173150113,13.609968949382079,-0.4375236557749356,4.68994140625
2018-05-25,2721.330078125,3015260000,-0.002360003054185922,0.0057412909329861645,66.50630045577765,15.954605963520407,14.078896352286161,-1.2318116676337036,-6.389892578125
2018-05-29,2689.860107421875,3743310000,-0.011631572511792225,0.006069403847785365,55.031462474408926,12.633986436458144,13.789914369082885,1.039191286723043,-40.269775390625
2018-05-30,2724.010009765625,3566490000,0.012615875351923801,0.0066163635207274335,57.02722898282927,12.611683635583177,13.554268222358365,0.4868395183447278,12.56005859375
2018-05-31,2705.27001953125,4241100000,-0.006903333243434208,0.00659446669438107,45.056085146895484,10.95601576617355,13.034617731078043,2.3931475978389027,-17.18994140625
2018-06-01,2734.6201171875,3694310000,0.01079079970923988,0.006863658095128627,51.68526462285921,11.874629822581028,12.802620149363158,0.8489093292307106,14.490234375
2018-06-04,2746.8701171875,3410090000,0.004469594898352221,0.006415075692591274,53.901060263666345,13.43595790855079,12.929287701207448,-0.01529583931790355,33.900146484375
2018-06-05,2748.800048828125,3523550000,0.0007023462695756739,0.006401450323619616,59.4408994976735,14.660010988020076,13.27543235858476,0.28804392213996194,15.7900390625
2018-06-06,2772.35009765625,3662780000,0.008530900637311972,0.006580312514780928,61.85883374303907,17.330160101696492,14.086377907234821,0.7282656503797517,47.91015625
2018-06-07,2770.3701171875,3742080000,-0.0007144436219845289,0.006337889811574593,61.96196056547619,19.066736209659666,15.082449567747027,1.0321726251575747,37.080078125
2018-06-08,2779.030029296875,3138850000,0.0031210289077513477,0.006071961886787235,65.61703512854609,20.90069051538876,16.246097757300824,-0.8197195481596606,51.27001953125
2018-06-11,2782.0,3262130000,0.0010681370069403208,0.006069826928771225,62.598366368025516,22.336232219795875,17.464124649821144,-0.5349377050351743,60.669921875
2018-06-12,2786.85009765625,3435700000,0.0017418672787038484,0.006072103710534667,66.36258429900607,23.593228527946394,18.689945425463353,-0.031724896241135975,96.989990234375
2018-06-13,2775.6298828125,3820770000,-0.004034254541411457,0.005909196353952861,60.964322202777744,23.414256265782114,19.634807593537687,1.1971350899384634,51.619873046875
2018-06-14,2782.489990234375,3540930000,0.002468500522503687,0.005879067686772174,64.07590568426129,23.554367098112834,20.41871949445974,0.19180765832558827,77.219970703125
2018-06-15,2779.659912109375,5451990000,-0.00101762031549408,0.005881990278325408,65.28477056754512,23.169977522527006,20.968971100077137,3.5551931911749373,45.039794921875
2018-06-18,2773.75,3316120000,-0.002128391180886516,0.005866186060201244,75.38268340067813,22.133379566304484,21.201852793323944,-0.5029381002728629,26.8798828125
2018-06-19,2762.590087890625,3671160000,-0.004031517951391294,0.0057795945342786195,63.55968271729095,20.17884661787275,20.99725155823277,0.1155324308979495,13.7900390625
2018-06-20,2767.320068359375,3332140000,0.001710690224112545,0.0057185465921888974,74.191006123968,18.794837688465122,20.556768784277626,-0.5398521953079954,-5.030029296875
2018-06-21,2749.760009765625,3336580000,-0.006365728843220268,0.0059015047259536515,56.50002830064086,16.095646620406114,19.6645443515007,-0.5316391874173505,-20.610107421875
2018-06-22,2754.8798828125,5468110000,0.0018602032551338834,0.005884846681026951,53.66311163513586,14.205855332216743,18.572806547641346,2.676003926566742,-24.150146484375
2018-06-25,2717.070068359375,3663280000,-0.013819722967770653,0.006681408019747103,39.07444769494603,9.547444346015254,16.767734107312734,-0.13874367993745115,-64.929931640625
2018-06-26,2723.06005859375,3568900000,0.0022021505056967236,0.006114425094347471,30.693271926771146,6.266688559345766,14.667524997716184,-0.27354727677690993,-63.7900390625
2018-06-27,2699.6298828125,3803990000,-0.008641586313141117,0.005755258977528838,26.27760293689026,1.7559426985471873,12.085208537879279,0.07863237308586819,-76.0
2018-06-28,2716.31005859375,3461100000,0.006159680019031288,0.005725450059858254,30.040788420750033,-0.46760160783196625,9.574646508734615,-0.4064428461362219,-66.179931640625
2018-06-29,2718.3701171875,3586800000,0.0007581158875170001,0.005160688335836321,29.63328217455043,-2.04003944900478,7.251709317184949,-0.1966008446033715,-61.289794921875
2018-07-02,2726.7099609375,3095040000,0.003063260834293461,0.005101550823665651,31.17092574587393,-2.5835082619582863,5.284665801355091,-0.9394146186200738,-47.0400390625
2018-07-03,2713.219970703125,1911460000,-0.004959629280533677,0.005195248337384502,30.7341102062165,-4.05592838730081,3.4165469636229915,-2.263277298660086,-49.3701171875
2018-07-05,2736.610107421875,2980160000,0.008583856745537827,0.0052001856460052905,37.148492209383754,-3.297522835595828,2.073733003778699,-0.7832269820165771,-30.7099609375
2018-07-06,2759.820068359375,2590250000,0.00844551760058016,0.005583354949122672,45.0121039218671,-0.8143289481376996,1.4961206133952372,-1.1718409060349053,10.06005859375
2018-07-09,2784.169921875,3070060000,0.008784290785341506,0.005895061710044236,52.397370307209414,3.0828293995714375,1.8134623706305575,-0.562582801107191,29.2900390625
2018-07-10,2793.840087890625,3080140000,0.003467249318821859,0.005940198031086429,57.239491425727344,6.872404151655701,2.8252507268357903,-0.5357502271443179,76.77001953125
2018-07-11,2774.02001953125,2986180000,-0.007119486371916502,0.006146985832817097,51.45070724819712,8.182093142298072,3.89661920992842,-0.61848862025378,50.9599609375
2018-07-12,2798.2900390625,2834230000,0.0087109915801719,0.0063878525998619365,60.21125349700462,11.050964031459444,5.3274881742348095,-0.7374582235379313,98.66015625
2018-07-13,2801.31005859375,2619790000,0.0010786555366086475,0.00637178002850244,59.85651973812416,13.413622260245575,6.944714991437129,-0.9212819398144234,85.0
2018-07-16,2798.429931640625,2819860000,-0.0010286646208985384,0.0063719040884715646,70.27906920137283,14.882097416601027,8.53219147647004,-0.6370099654395954,80.059814453125
2018-07-17,2809.550048828125,3064920000,0.003965824343443431,0.0063935059396693665,71.02019407290847,16.75006588556289,10.175766358288717,-0.26350262853583695,82.840087890625
2018-07-18,2815.6201171875,3111560000,0.0021581820767374625,0.006304604311778127,80.78777447425107,18.506898899276166,11.841992866486294,-0.15717417365374098,102.400146484375
2018-07-19,2804.489990234375,3278360000,-0.003960826849049506,0.00639551568100062,74.11652531338763,18.78457575198945,13.230509443586982,0.09029528797128629,67.8798828125
2018-07-20,2801.830078125,3243250000,-0.0009488977712743676,0.00619351647202831,72.75100161056316,18.5758765422338,14.29958286331638,0.045866503422632925,42.010009765625
2018-07-23,2806.97998046875,2928490000,0.0018363623432315187,0.006193331919940766,72.2687151867184,18.611484673319865,15.1619632253171,-0.36134551211571725,22.81005859375
2018-07-24,2820.39990234375,3430410000,0.004769518886053562,0.005173046904313622,79.74569644834179,19.497801279174382,16.029130836088576,0.8516552710587115,26.559814453125
2018-07-25,2846.070068359375,3584400000,0.009060435070372713,0.005418000387055425,79.99882238958564,22.01773937393,17.226852543656882,1.2141673739613934,72.050048828125
2018-07-26,2837.43994140625,3667290000,-0.00303690274886736,0.004952149383815906,73.12033765927771,23.052701853298004,18.39202240558512,1.4679227523170844,39.14990234375
2018-07-27,2818.820068359375,3434370000,-0.006583834644845457,0.005264998952589423,60.68587398940199,22.1155354929424,19.13672502305658,0.9043484506295568,17.510009765625
2018-07-30,2802.60009765625,3261190000,-0.0057707893155871425,0.00553203918608098,52.59662910777737,19.835375347414356,19.276455087928138,0.5401352821123654,4.170166015625
2018-07-31,2816.2900390625,3906890000,0.004872837219303094,0.005573154629593258,63.00213575726263,18.91494248719755,19.204152567782018,1.872025995480913,6.739990234375
2018-08-01,2813.360107421875,3501350000,-0.0010408930675711336,0.005395863502402229,55.33604081625596,17.744526348291856,18.912227323883982,0.9596614030838995,-2.260009765625
2018-08-02,2827.219970703125,3501380000,0.0049143495822087,0.005212767918230966,58.52019197266525,17.730935114308068,18.6759688819688,0.8727837092927506,22.72998046875
2018-08-03,2840.35009765625,3043690000,0.004633432065347987,0.005016387984974402,62.914403389988586,18.56563180759531,18.6539014670941,-0.5416418854493618,38.52001953125
2018-08-06,2850.39990234375,2879020000,0.003531982650801626,0.004741514419796401,62.668213211144206,19.809708520160257,18.885062877707334,-0.9997304432001903,43.419921875
2018-08-07,2858.449951171875,3185440000,0.0028202017464857678,0.004727240129068825,63.121104191878324,21.200824206177458,19.34821514340136,-0.08723366419514811,38.050048828125
2018-08-08,2857.699951171875,2978070000,-0.00026241439329510795,0.004328261005484582,67.40826530775252,21.989295812040837,19.87643127712926,-0.7164472269714341,11.6298828125
2018-08-09,2853.580078125,3066180000,-0.0014427146770399496,0.004020765473443416,66.77041631723026,22.02780511275978,20.306706044255364,-0.49921505704673014,16.14013671875
2018-08-10,2833.280029296875,3265590000,-0.007139312263244473,0.004410950631958905,57.76088757609596,20.187580424222688,20.28288092024883,0.028076297941129327,14.4599609375
2018-08-13,2821.929931640625,3173630000,-0.004014037665980266,0.004517042075633731,50.45708025853808,17.610335583865435,19.74837185297215,-0.38082493821571406,19.329833984375
2018-08-14,2839.9599609375,2986500000,0.006368930016417421,0.0046464863714101275,48.08736069991273,16.82872381998186,19.16444224637409,-1.0522572777781631,23.669921875
2018-08-15,2818.3701171875,3656680000,-0.007631208581378815,0.004971136357174062,44.47857878009885,14.30231178686472,18.192016154472217,1.2741952056685597,5.010009765625
2018-08-16,2840.68994140625,3232000000,0.00788821455263811,0.005170212268194923,56.19931597763848,13.94042996836879,17.34169891725153,-0.22848123260212203,13.469970703125
2018-08-17,2850.1298828125,3037640000,0.003317606375263089,0.005189132638164947,64.0115442192538,14.251079296759144,16.723574993153054,-0.865036026792899,9.77978515625
2018-08-20,2857.050048828125,2757150000,0.002425074902128281,0.0051966592109097065,62.515386264582276,14.884093671073515,16.355678728737146,-1.7309029441221249,6.650146484375
2018-08-21,2862.9599609375,3174010000,0.002066399954627058,0.005124942468293924,64.95597006464988,15.681869831536005,16.220916949296917,-0.30286486874722596,4.510009765625
2018-08-22,2861.820068359375,2701250000,-0.0003982310542435054,0.0047395094046993455,61.29986477349561,16.037265956605097,16.184186750758553,-1.6519828066993743,4.1201171875
2018-08-23,2856.97998046875,2724450000,-0.0016926939235351061,0.004699419341644356,55.74198334288701,15.746846638327952,16.09671872827243,-1.427441777359206,3.39990234375
2018-08-24,2874.68994140625,2603010000,0.006179705928285333,0.004574202832825828,57.96552850527449,16.75261489874083,16.22789796236611,-1.5899075599956742,41.409912109375
2018-08-27,2896.739990234375,2865070000,0.007641141407110444,0.004514954639413572,61.50060129645382,19.108670130211067,16.804052395935102,-0.734269817252749,74.81005859375
2018-08-28,2897.52001953125,2687770000,0.00026924207759835515,0.004459108449720592,61.957996020428666,20.799043965303554,17.603050709808794,-1.2433153259439447,57.56005859375
2018-08-29,2914.0400390625,2805520000,0.005685242468911669,0.004516870005382825,66.89770652343014,23.204217762291137,18.723284120305262,-0.7613800023453094,95.669921875
2018-08-30,2901.1298828125,2810450000,-0.004440172044458075,0.004655050855533888,69.78014391356646,23.794309810058166,19.737489258255845,-0.6707429893463743,60.43994140625
2018-08-31,2901.52001953125,2887220000,0.00013446846730492032,0.004593290455659743,74.78669065240499,24.016594261501268,20.593310258904932,-0.3388005900273796,51.39013671875
2018-09-04,2896.719970703125,3087420000,-0.0016556920488793076,0.004593143876391507,69.26418117970313,23.53414613514542,21.18147743415303,0.4032758490967554,39.669921875
2018-09-05,2888.60009765625,3248780000,-0.002807062801265972,0.0046354254420658166,76.23456452348381,22.240226242116933,21.393227195745812,1.0098161777976462,25.64013671875
2018-09-06,2878.050048828125,3144240000,-0.0036589910366181576,0.004727092032117933,65.3014452814869,20.131423478491797,21.14086645229501,0.5686617647178339,16.22998046875
2018-09-07,2871.679931640625,2976580000,-0.002215797895014484,0.004745688387806819,59.05384364480057,17.741652907879597,20.46102374341193,-0.05627331996834254,14.699951171875
2018-09-10,2877.1298828125,2751100000,0.0018960282146933797,0.004417310401054277,58.541681812044985,16.10189476947062,19.589197948623667,-0.8326309948142363,2.43994140625
2018-09-11,2887.889892578125,2904500000,0.003732865689715426,0.004314377621209636,60.184595989316016,15.49203381301868,18.76976512150267,-0.18795864010183513,-8.85009765625
2018-09-12,2888.919921875,3341280000,0.0003566083498935524,0.004137830870718561,61.08101848616682,14.91984258027469,17.999780613257073,1.388025060779286,-8.60009765625
2018-09-13,2904.179931640625,3274090000,0.005268352159391334,0.003730828913663803,67.78439896898303,15.518839229960577,17.503592336597773,1.4281681027461504,-9.860107421875
2018-09-14,2904.97998046875,3179410000,0.00027544390076635555,0.0034201360967183146,63.0796705729551,15.875107186537207,17.17789530658566,1.0361168635251583,3.85009765625
2018-09-17,2888.800048828125,2967980000,-0.005585290991549207,0.0036878138279966667,46.38832251673574,14.682616017757482,16.678839448820025,0.10530268828358853,-12.719970703125
2018-09-18,2904.31005859375,3091190000,0.0053546528676252396,0.0038169535675770085,52.723633286849164,14.818269421703008,16.306725443396623,0.590337963469994,7.590087890625
2018-09-19,2907.949951171875,3302460000,0.0012524880331719868,0.003807295440493848,47.275622473029266,15.046042948124523,16.054588944342203,1.4661189032311035,19.349853515625
2018-09-20,2930.75,3406520000,0.00781001418532906,0.00410445773941303,62.173302295713604,16.87183900929449,16.21803895733266,1.6869797155214763,52.699951171875
2018-09-21,2929.669921875,5652470000,-0.00036860093700704873,0.0040660110521419076,61.50383321427289,18.02387428648035,16.579206023162197,3.957498959204661,57.989990234375
2018-09-24,2919.3701171875,3392030000,-0.003521882314013849,0.004026231211605975,58.858104198612494,17.899429420328488,16.843250702595455,0.3271855616316527,42.240234375
2018-09-25,2915.56005859375,3330880000,-0.001305948493117946,0.0037071432086613833,60.91142642583297,17.294011647126354,16.933402891501636,0.19249741334757864,27.670166015625
2018-09-26,2905.969970703125,3417540000,-0.003294699681159941,0.0037945304993291054,61.388441866764396,15.857577889455115,16.718237891092333,0.2788459311130208,17.050048828125
2018-09-27,2914.0,3101360000,0.0027594762285113967,0.0036222084349685074,67.03158068490647,15.192025483032467,16.41299540948036,-0.2708872299146511,9.820068359375
2018-09-28,2913.97998046875,3461680000,-6.870144138179519e-06,0.003468624689762325,65.50798732548915,14.495855785206004,16.02956748462549,0.2810145733836079,9.0
2018-10-01,2924.590087890625,3375890000,0.0036344923421985013,0.00355133684854825,65.4644138657537,14.631618696122587,15.749977726924907,0.09538664986849202,35.7900390625
2018-10-02,2923.429931640625,3432620000,-0.0003967689102790794,0.0035241103759798198,64.52560295130148,14.478695505295946,15.495721282599117,0.16380553543225582,19.119873046875
2018-10-03,2925.510009765625,3625510000,0.0007112667367183715,0.003439291463998279,60.098478894077395,14.359816594319454,15.268540344943187,0.46150693734968584,17.56005859375
2018-10-04,2901.610107421875,3510370000,-0.008203035421009815,0.0038619905362268555,48.690906814720115,12.196488964668788,14.654130068888309,0.23310488236555318,-29.139892578125
2018-10-05,2885.570068359375,3340820000,-0.0055433145846221455,0.004048146169782551,48.743885580604,9.083035972867947,13.539911249684238,-0.09084330103759315,-44.099853515625
2018-10-08,2884.429931640625,3381820000,-0.000395194708349698,0.004031237306135643,41.29594988936753,6.4492595243123105,12.121780904609853,-0.07706514292031932,-34.940185546875
2018-10-09,2880.340087890625,3531690000,-0.0014189098341542976,0.003952508046883202,37.95910631846135,3.9860083770654455,10.494626399100973,0.14020730367175885,-35.219970703125
2018-10-10,2785.679931640625,4554260000,-0.03341638904260208,0.008421402457463787,11.109409422381404,-5.54054940187234,7.28759123890631,1.7508721967410361,-120.2900390625
2018-10-11,2728.3701171875,4914090000,-0.02078757997254153,0.00924258828213529,8.535962279635996,-17.51295851654413,2.3274812878162203,1.9745220124573652,-185.6298828125
2018-10-12,2767.1298828125,4024010000,0.014106235408376288,0.009996834904238956,21.932130395485927,-23.601526794921938,-2.858320328731413,0.57625572175077,-146.85009765625
2018-10-15,2750.7900390625,3327160000,-0.005922482291300048,0.01000271754023594,20.963586706798907,-29.406272355712645,-8.167910734127663,-0.5095884167211293,-173.800048828125
2018-10-16,2809.919921875,3460260000,0.02126782803490127,0.01121540152790063,35.58974501729945,-28.90212287159875,-12.314753161621882,-0.33954955267889275,-113.510009765625
2018-10-17,2809.2099609375,3347090000,-0.0002526942626648821,0.011199925147994753,33.925428248282884,-28.234400079781153,-15.49868254525374,-0.5212583985220411,-116.300048828125
2018-10-18,2768.780029296875,3639300000,-0.014496490575341185,0.011310319236664361,30.183412201312933,-30.61467509114982,-18.52188105443296,-0.08156199889651614,-132.830078125
2018-10-19,2767.780029296875,3593940000,-0.00036123513527937907,0.011310404154589738,28.022386374368168,-32.210449789592985,-21.259594801464967,0.013385239401381543,-117.7900390625
2018-10-22,2755.8798828125,3331270000,-0.004308797096477868,0.011314261057905771,27.20342377977687,-34.04292925884329,-23.816261692940635,-0.5811203930269657,-128.550048828125
2018-10-23,2740.68994140625,4373710000,-0.005527076180694164,0.011322690093544533,25.719866447286122,-36.30241198556041,-26.313491751464593,1.5801931174492783,-139.650146484375
2018-10-24,2656.10009765625,4738670000,-0.03135077386114084,0.012967547790152452,22.182646840617622,-44.40686622101566,-29.93216664537481,1.9782124704360544,-129.579833984375
2018-10-25,2705.570068359375,4663930000,0.018453717978714167,0.013872924094048575,31.041425595926867,-46.30412667336486,-33.20655865097282,1.6193162261701006,-22.800048828125
2018-10-26,2658.68994140625,4804330000,-0.017479138010003174,0.014174272157902712,28.313383847741875,-51.00262676585635,-36.76577227394953,1.634438353035461,-108.43994140625
2018-10-29,2641.25,4701260000,-0.00658120829519397,0.014045996909427138,27.605291237114585,-55.493781540952114,-40.51137412735005,1.3037826358552593,-109.5400390625
2018-10-30,2682.6298828125,5125600000,0.015545322971877482,0.014760822700236376,39.27743824834993,-55.079125747712624,-43.42492445142257,1.7351173641744597,-127.2900390625
2018-10-31,2711.739990234375,5133380000,0.010792878754571094,0.015108930297548943,48.16172363001628,-51.80439700213719,-45.1008189615655,1.5349563877763026,-97.469970703125
2018-11-01,2740.3701171875,4730250000,0.010502498868529206,0.01539782630509902,46.97424430641822,-46.36447823199296,-45.353550815651,0.8602031737219127,-28.409912109375
2018-11-02,2723.06005859375,4261230000,-0.006336721055879746,0.01540612683811054,46.87140540230848,-42.954922764618914,-44.87382520544458,0.11926873644500068,-44.719970703125
2018-11-05,2738.31005859375,3650910000,0.0055846936971941175,0.015514906170568447,41.03285127655776,-38.57757969418935,-43.61457610319354,-0.8362793559323246,-17.56982421875
2018-11-06,2755.449951171875,3543800000,0.0062397877444086355,0.01563958804466561,43.534107866564796,-33.34112206777081,-41.559885296109,-1.0027368928768126,14.760009765625
2018-11-07,2813.889892578125,3929080000,0.020987078560774024,0.01462569971681273,55.200224253866175,-24.19665311215067,-38.08723885931734,-0.36398743977723486,157.789794921875
2018-11-08,2806.830078125,3673550000,-0.002512068988491457,0.013771411891475672,54.43962653056354,-17.31961385310251,-33.93371385807437,-0.680155648699163,101.260009765625
2018-11-09,2781.010009765625,4029030000,-0.00924158591537243,0.01362803449367627,52.76940585828093,-13.793966070584247,-29.905764300576344,-0.11707928027216581,122.320068359375
2018-11-12,2726.219970703125,3701570000,-0.019898150985467496,0.014302798003959897,48.53337899640552,-15.24522539031068,-26.973656518523214,-0.6864804441253209,84.969970703125
2018-11-13,2722.179931640625,4112820000,-0.0014830188221738934,0.013358255881808364,58.00463131371383,-16.530799463906988,-24.88508510759997,-0.0699807845265832,39.550048828125
2018-11-14,2701.580078125,4449060000,-0.007596188818450545,0.013420454017920434,49.480321009811036,-18.992923532983696,-23.706652792676717,0.42555056954229004,-10.159912109375
2018-11-15,2730.199951171875,4204960000,0.01053803274264194,0.013356310789947168,59.77902256849039,-18.42242782668245,-22.649807799477866,-0.05968409228813168,-10.170166015625
2018-11-16,2736.27001953125,3996970000,0.002220837537483983,0.013372243731654673,63.41106565737316,-17.281294096274905,-21.576105058837275,-0.492677300965451,13.2099609375
2018-11-19,2690.72998046875,3806940000,-0.016783161235721437,0.013838478830216848,51.12997313512541,-19.82312914669683,-21.225509876409188,-0.958598355094392,-47.580078125
2018-11-20,2641.889892578125,4370820000,-0.018317995556585972,0.01433579460613943,40.764231694451944,-25.484766024989312,-22.077361106125213,0.1806000152271318,-113.56005859375
2018-11-21,2649.929931640625,3237400000,0.0030386693107672014,0.012562009000165708,37.35313898666156,-28.988726106365448,-23.45963410617326,-1.8132906265827424,-163.9599609375
2018-11-23,2632.56005859375,1651680000,-0.006576419711855615,0.011840697489369141,37.346891405711325,-32.78926898621012,-25.325561082180638,-3.118914181799057,-174.27001953125
2018-11-26,2673.449951171875,3523520000,0.015412975845366429,0.0117691935550534,41.53835667661041,-32.131363711317135,-26.68672160800794,-0.6172853632743238,-107.56005859375
2018-11-27,2682.169921875,3494380000,0.003256384364612641,0.011672664655536291,40.22514838703795,-30.554131288289227,-27.4602035440642,-0.5850152446636342,-44.050048828125
2018-11-28,2743.7900390625,3984540000,0.022714051303113776,0.012246269754604034,40.728017675373245,-24.054647840695907,-26.77909240339054,0.15919748761947197,21.610107421875
2018-11-29,2737.800048828125,3599200000,-0.002185494545393453,0.012049407453970753,40.8436081391877,-19.166166884242557,-25.256507299560944,-0.31608670620314083,36.219970703125
2018-11-30,2760.169921875,4668310000,0.008137547716617559,0.011957106713297545,47.210160440041705,-13.333251312871198,-22.871856102222996,1.4027811469438922,29.969970703125
2018-12-03,2790.3701171875,4221580000,0.010882001794362436,0.012068922971301002,59.192938385806805,-6.202224979132097,-19.537929877604817,0.6904751903925083,54.10009765625
2018-12-04,2700.06005859375,4515710000,-0.03290022883855611,0.014213917039472375,47.45853709711714,-7.7487790070172196,-17.180099703487297,1.061065087601843,9.330078125
2018-12-06,2695.949951171875,5180430000,-0.0015233879141442856,0.014120021827285181,49.32764999664714,-9.200033274315501,-15.584086417652937,1.7962155207371557,54.06005859375
2018-12-07,2633.080078125,4242240000,-0.02359633545632224,0.013969411535702995,39.278951598254245,-15.24747263167319,-15.516763660456991,0.43718197609741755,-16.849853515625
2018-12-10,2637.719970703125,4162880000,0.0017606032229163218,0.014015024810207898,39.08661528021477,-19.441600670569642,-16.301731062479526,0.2906961431821821,5.159912109375
2018-12-11,2636.780029296875,3963440000,-0.00035640967530566644,0.013951011170238156,43.37077451711552,-22.581022798297,-17.557589409643022,0.012779549946295763,-36.669921875
2018-12-12,2651.070068359375,4029300000,0.005404871010351243,0.013443841470990934,51.23270210977547,-23.643404290465696,-18.774752385807556,0.08317360580648414,-31.099853515625
2018-12-13,2650.5400390625,3978340000,-0.00019995031241503897,0.013446473685695196,50.08361075329976,-24.24859549615212,-19.86952100787647,0.0202931698555952,-93.25
2018-12-14,2599.949951171875,4064370000,-0.019271212268699812,0.013975675953602875,45.90397394656224,-28.482087373030026,-21.592034280907185,0.17229607939964894,-137.85009765625
2018-12-17,2545.93994140625,4661420000,-0.020992284828576645,0.014271957937631726,34.49500811941327,-35.782834319977155,-24.430194288721182,0.9770913823752988,-214.22998046875
2018-12-18,2546.159912109375,4519190000,8.639685378910398e-05,0.014234908991998859,33.1123262191111,-41.077463645159696,-27.75964816000889,0.7290530056686556,-244.210205078125
2018-12-19,2506.9599609375,5152830000,-0.015515459175936802,0.014175819495382958,18.860274809866027,-47.88461987089613,-31.78464250218634,1.429278437649349,-193.10009765625
2018-12-20,2467.419921875,5619780000,-0.015897809484103957,0.014052800116565869,17.331196862313845,-55.82635938472413,-36.5929858786939,1.7855863971398018,-228.530029296875
2018-12-21,2416.6201171875,7657890000,-0.02080312049854063,0.014481143334390323,11.158868887789708,-65.46472819308565,-42.36733434157225,2.94372082631775,-216.4599609375
2018-12-24,2351.10009765625,2613670000,-0.02748657287831441,0.015358955160604787,4.009864395238353,-77.49678815476227,-49.39322510421026,-1.7440371315981216,-286.619873046875
2018-12-26,2467.699951171875,4249740000,0.04840317767080503,0.019064950235807173,26.941979611485365,-76.73904870615206,-54.86238982459863,-0.17918584566433732,-169.080078125
2018-12-27,2488.830078125,4139010000,0.008526228968816992,0.01920646933135009,30.11825979846479,-73.58526495836031,-58.60696485135097,-0.3292107448476894,-162.239990234375
2018-12-28,2485.739990234375,3728440000,-0.0012423539102312722,0.01818989697347479,34.02297389955339,-70.52227598387981,-60.990027077856745,-0.729534416275383,-164.800048828125
2018-12-31,2506.85009765625,3461920000,0.008456625862206874,0.018428756257727268,36.2983589511315,-65.63482846928264,-61.918987356141926,-0.985981438804201,-93.099853515625
2019-01-02,2510.030029296875,3733160000,0.0012676930626261643,0.01824575981712442,36.79164830646892,-60.803986685506516,-61.69598722201486,-0.6588104065987751,-35.909912109375
2019-01-03,2447.889892578125,3858830000,-0.02506833181891511,0.0183949506365376,30.74706102264568,-61.28326413599325,-61.61344260481054,-0.5122711291014442,-98.27001953125
2019-01-04,2531.93994140625,4234140000,0.03375939906034647,0.01938135322267112,40.297452178921894,-54.2555344553798,-60.14186097492439,-0.12704983036869236,24.97998046875
2019-01-07,2549.68994140625,4133120000,0.006985975995229761,0.0195133801393736,45.654804947990215,-46.71522733676284,-57.45653424729208,-0.17829828466169792,82.27001953125
2019-01-08,2574.409912109375,4120060000,0.009648587336497393,0.019058292087927857,52.59265715064505,-38.303248576425176,-53.62587711311871,-0.18514565528186885,157.789794921875
2019-01-09,2584.9599609375,4088740000,0.004089671332822161,0.019083961602285555,53.468129001960094,-30.43456333463473,-48.98761435742192,-0.2127798678437414,233.85986328125
2019-01-10,2596.639892578125,3721300000,0.004508241374462229,0.019123693154118673,58.43078192829099,-22.99107393284794,-43.78830627250713,-0.5667540102695882,128.93994140625
2019-01-11,2596.260009765625,3447460000,-0.0001463085444824661,0.01906960866457495,63.07490365933485,-16.92757774347365,-38.416160566700434,-0.7984377039670414,107.429931640625
2019-01-14,2582.610107421875,3689370000,-0.00527139458724949,0.01909149190630003,68.2186337880299,-13.072949543670347,-33.34751836209442,-0.5429408674389146,96.8701171875
2019-01-15,2610.300048828125,3601180000,0.010664618879761001,0.018779166684581256,81.02556369708373,-7.695078002001992,-28.217030290075932,-0.6009378437815868,103.449951171875
2019-01-16,2616.10009765625,3882180000,0.0022195205290883643,0.018105791126820175,74.17569174597998,-2.931270728875461,-23.159878377835838,-0.2917883106517887,106.070068359375
2019-01-17,2635.9599609375,3802410000,0.007562730706235749,0.018155240179530054,74.06836738443155,2.418724296882374,-18.044157842892197,-0.33441082573238257,188.070068359375
2019-01-18,2670.7099609375,4009010000,0.01309691283985578,0.01784927353493821,77.41840924537192,9.35483179976427,-12.564359914360903,-0.08037508982757097,138.77001953125
2019-01-22,2632.89990234375,3923950000,-0.014258476827972471,0.01776067738618326,67.80315360297485,11.666309283506962,-7.71822607478733,-0.08639721610771298,83.2099609375
2019-01-23,2638.699951171875,3358770000,0.002200489919450871,0.0168424317833923,68.03969999096358,13.807028479717701,-3.4131751638863226,-1.12733664155904,64.2900390625
2019-01-24,2642.330078125,3449230000,0.001374780110977555,0.015114777327956299,82.61107412257319,15.616467851785274,0.3927534392479978,-1.3720723933630201,57.3701171875
2019-01-25,2664.760009765625,3821000000,0.008452867700518018,0.01136936387347281,78.08038170626085,18.645436630101358,4.043290077418671,0.04155924634563286,68.1201171875
2019-01-28,2643.85009765625,3630820000,-0.007877775848708898,0.011602908659739697,69.6445561842049,19.138049533199137,7.0622419685747655,-0.6118103714288515,47.590087890625
2019-01-29,2640.0,3518070000,-0.0014573079351148383,0.011607164570014086,64.98929324241237,18.99877208569478,9.44954799199877,-0.9913968574158724,57.389892578125
2019-01-30,2681.050048828125,3883270000,0.015429609891560045,0.011880862605193832,69.27276804907692,21.947789122268205,11.94919621805266,0.35388291297584856,70.75
2019-01-31,2704.10009765625,4953800000,0.008560648809767757,0.011925130823123088,70.61310544619417,25.84690563295635,14.7287381010334,3.0638824254643797,88.0
2019-02-01,2706.530029296875,3782490000,0.0008982065848071141,0.009860218389544134,70.9870267457205,28.801058065367215,17.543202093900163,-0.19529795002415193,70.570068359375
2019-02-04,2724.8701171875,3369450000,0.006753381117479676,0.0072109209793924794,76.60058560849323,32.250374724166704,20.484636619953474,-1.2141793754798225,54.16015625
2019-02-05,2737.699951171875,3597620000,0.0046973704373502,0.0071736218514922,75.22370369797487,35.60876769738934,23.50946283544065,-0.5181841519999206,104.800048828125
2019-02-06,2731.610107421875,3486590000,-0.0022269157175087858,0.007134270863220091,72.84342950064263,37.348389839616175,26.27724823627576,-0.747807769928038,92.91015625
2019-02-07,2706.050048828125,4114040000,-0.009401193202230233,0.007641909976926324,63.555502252726555,36.246739952093776,28.271146579439367,1.020478197549267,63.719970703125
2019-02-08,2707.8798828125,3649510000,0.0006759725660127,0.007631373909611638,58.23765444790488,35.11652534426412,29.640222332404324,-0.27858797893317716,43.119873046875
2019-02-11,2709.800048828125,3395330000,0.0007088518038183947,0.007620529000739671,70.2667505691082,33.984016882370724,30.508981242397606,-0.9796038258746085,65.949951171875
2019-02-12,2744.72998046875,3843020000,0.012807852902838604,0.007765995039594399,74.22437748840095,35.49587497633729,31.506359989185547,0.24964182020020773,104.72998046875
2019-02-13,2753.030029296875,3684910000,0.0030194315937109753,0.007556485075771267,74.76289871408801,36.93797994222041,32.592683979792525,-0.20418121075857695,71.97998046875
2019-02-14,2745.72998046875,3845390000,-0.0026551633836986214,0.007649546583134537,69.42751870097766,37.0645485425689,33.4870568923478,0.25108599442788804,41.6298828125
2019-02-15,2775.60009765625,3648680000,0.010820004664957538,0.007798076320022147,80.30824495150887,39.12412532860208,34.61447057959866,-0.27899536428707583,69.070068359375
2019-02-19,2779.760009765625,3535270000,0.0014976213265920058,0.007395772176415293,82.10513328136304,40.62373972707064,35.816324409093056,-0.5341558550880854,54.889892578125
2019-02-20,2784.699951171875,3904830000,0.00177553356074094,0.006333190923789129,78.54585895098086,41.72977209173905,36.99901394562226,0.5121790268471079,47.0
2019-02-21,2774.8798828125,3598260000,-0.0035326693258413886,0.006489699462075357,71.02538589401803,41.33740143053319,37.86669144260445,-0.39828917826006643,43.269775390625
2019-02-22,2792.669921875,3429350000,0.006390638694710404,0.006539997295108106,73.44836798683596,41.978055436436534,38.68896424137087,-0.8830278117304119,86.619873046875
2019-02-25,2796.110107421875,3860260000,0.0012311044497517107,0.00640756020273996,71.10438969917101,42.276040693309824,39.40637953175866,0.3572434248794137,88.230224609375
2019-02-26,2793.89990234375,3676200000,-0.0007907696728402984,0.00599137597206496,67.7667579979161,41.8514140285979,39.89538643112651,-0.18112314947020436,84.099853515625
2019-02-27,2792.3798828125,3771790000,-0.0005441974362980739,0.005960948701216097,69.78304167653515,40.920535009276136,40.10041614675644,0.059349668628182785,47.64990234375
2019-02-28,2784.489990234375,4445780000,-0.002829507598950442,0.00528578223908532,78.8551003179279,39.095489816958434,39.89943088079684,1.7774152597062662,31.4599609375
2019-03-01,2803.68994140625,3994950000,0.006871656588713028,0.005186199238534325,81.25113477458997,38.75169849378835,39.669884403395145,1.010138147752149,57.9599609375
2019-03-04,2792.81005859375,3949730000,-0.003888107395255168,0.005338600814762577,75.58085820002799,37.17282064035544,39.170471650787206,0.7913005163604467,17.2099609375
2019-03-05,2789.64990234375,3631380000,-0.001132173489706859,0.005225557905901133,67.21327425680329,35.26009395304527,38.38839611123882,-0.4834783099270746,9.889892578125
2019-03-06,2771.449951171875,3800180000,-0.00654547360412503,0.005427493157740312,56.56071847206425,31.907846524065917,37.09228619380424,0.14802802177146793,-13.25
2019-03-07,2748.929931640625,3932150000,-0.008158911138331157,0.005743707688640858,51.02825968597559,27.12135086632543,35.09809912830848,0.6029592006679877,-25.949951171875
2019-03-08,2743.070068359375,3424300000,-0.0021339641314536495,0.005310123732776485,37.63963539415168,22.594718726152678,32.59742304787732,-1.344680982863046,-49.599853515625
2019-03-11,2783.300048828125,3764850000,0.014559535563489445,0.00615061711080533,51.0557186458843,21.999951602386773,30.47792875877921,0.03316126398180614,-12.81005859375
2019-03-12,2791.52001953125,3432340000,0.002948965727805163,0.006158267295960432,51.99486982465711,21.938978423524986,28.770138691728366,-1.3651742780991052,-2.3798828125
2019-03-13,2810.919921875,3782250000,0.0069255467570192835,0.005713465401699405,59.982283171717995,23.18876112351154,27.653863178085004,0.11165371740524732,18.5400390625
2019-03-14,2808.47998046875,3505670000,-0.0008683993315961826,0.005714136632707348,54.78599808435915,23.70903701704856,26.86489794587771,-0.9861461665295145,23.989990234375
2019-03-15,2822.47998046875,5969780000,0.0049725194084307206,0.005712093368178133,57.502962673783564,24.963281241047753,26.48457460491172,3.817734509987458,18.7900390625
2019-03-18,2832.93994140625,3620770000,0.0036990967989080333,0.0052996486968608595,60.60988879747339,26.495882217867802,26.48683612750294,-0.41569158401820017,40.1298828125
2019-03-19,2832.570068359375,3650740000,-0.00013057007992675946,0.005304467886776645,60.991174691434686,27.365185051032768,26.66250591220891,-0.3740326595670112,42.920166015625
2019-03-20,2824.22998046875,3779160000,-0.002948696740769673,0.005370129468881563,60.84136014695363,27.069102652147194,26.74382526019657,-0.1300553681575203,52.780029296875
2019-03-21,2854.8798828125,3612620000,0.010794015494689354,0.005719318539056166,63.14385942036981,28.973655915038762,27.18979139116501,-0.43313761874298995,105.949951171875
2019-03-22,2800.7099609375,4253730000,-0.019156827134273257,0.0072097280601816525,51.65950716360594,25.814395833018352,26.91471227953568,0.6565029231790678,57.639892578125
2019-03-25,2798.360107421875,3406110000,-0.000839372833310059,0.007208157695247106,51.8359751710822,22.85755821386647,26.10328146640184,-0.8283674168870597,15.06005859375
2019-03-26,2818.4599609375,3288570000,0.007157052947934055,0.007377039807840657,59.830241445959786,21.883869667685303,25.259399106658535,-0.9797735469623416,26.93994140625
2019-03-27,2805.3701171875,3422400000,-0.00465514327659887,0.007462611373522404,62.286755991134875,19.827415383194875,24.173002361965807,-0.7065299914161249,-5.5498046875
2019-03-28,2815.43994140625,3185460000,0.0035830547152617266,0.007461905697414475,65.47099244370355,18.79357062064946,23.09711601370254,-1.0082564502353868,6.9599609375
2019-03-29,2834.39990234375,3752520000,0.006711706043324668,0.007454859089516408,62.016771406623356,19.281882056685845,22.334069222299203,-0.009893624711349502,11.919921875
2019-04-01,2867.18994140625,3560090000,0.011502195518044496,0.007761231713550856,65.95140016839488,22.060455305698724,22.279346438979108,-0.3093914570266518,34.25
2019-04-02,2867.239990234375,3267210000,1.7455554858152623e-05,0.007746402693138864,62.92698726505123,23.98999145795642,22.62147544277457,-0.7726875657362084,34.669921875
2019-04-03,2873.39990234375,3570000000,0.002146072420089187,0.0075193413447810645,64.65070203392594,25.719735090708582,23.241127372361376,-0.23673280145554174,49.169921875
2019-04-04,2879.389892578125,3038740000,0.0020824652429942735,0.007144363326433116,63.3247856114746,27.259678923192496,24.044837682527604,-1.0371607397740856,24.510009765625
2019-04-05,2892.739990234375,3155970000,0.004625717623099122,0.00708227214412917,63.81451380938147,29.220501067368332,25.079970359495753,-0.8091146177854545,92.030029296875
2019-04-08,2895.77001953125,3056460000,0.0010469117505236662,0.0065082420896320076,64.42266870656351,30.665472308647168,26.19707074932604,-0.8942647646341465,97.409912109375
2019-04-09,2878.199951171875,3032480000,-0.0060859764356695385,0.006746691575882137,61.81844815806047,30.04650731737729,26.966958062936293,-0.8830748637075803,59.739990234375
2019-04-10,2888.2099609375,3092230000,0.003471837754499924,0.006644721638953035,58.0240179805712,30.017672193625913,27.57710088907422,-0.7261629324552928,82.83984375
2019-04-11,2888.320068359375,2970650000,3.8122340342693696e-05,0.006631827103409454,78.51341322522872,29.661782336092074,27.994037178477793,-0.8553472924476729,72.880126953125
2019-04-12,2907.409912109375,3726050000,0.0065875783895457275,0.006687199193939165,82.00388631107111,30.56776178003838,28.50878209878991,0.9134811845007726,73.010009765625
2019-04-15,2905.580078125,3114530000,-0.0006295672443571088,0.006681723926757532,78.63916532905297,30.78325451053115,28.96367658113816,-0.8398723125182056,38.39013671875
2019-04-16,2907.06005859375,3403120000,0.0005092283251399622,0.006676215490449948,86.19123253963014,30.719342647190842,29.314809794348694,0.05658507993126093,39.820068359375
2019-04-17,2900.449951171875,3648100000,-0.0022764008207388597,0.006655368497885092,81.01875194868825,29.791889254548096,29.410225686388575,0.8347892249725799,27.050048828125
2019-04-18,2905.030029296875,3507100000,0.0015778468242496745,0.00627383615754376,78.79333167454591,29.091105629201593,29.34640167495118,0.4196678620119789,25.64013671875
2019-04-22,2907.969970703125,3010130000,0.0010115058169329091,0.004144999322372533,71.97198698268127,28.44506129839465,29.166133599639874,-1.1801862158690786,15.22998046875
2019-04-23,2933.679931640625,3674480000,0.008802351174995391,0.004366934720555482,78.04320585640916,29.665678022260636,29.26604248416403,1.3156922067422852,37.909912109375
2019-04-24,2927.25,3468480000,-0.0021941686030362366,0.0043268511847099535,72.6775484353859,29.77100224174228,29.36703443567968,0.5056587444351857,49.050048828125
2019-04-25,2926.169921875,3440010000,-0.0003690417402728576,0.004084797348606263,70.54999174186574,29.428090457954568,29.37924564013466,0.3957670070683536,37.9599609375
2019-04-26,2939.8798828125,3264390000,0.004674350323304823,0.004112732220892102,70.64280994951687,29.9177366228364,29.48694383667501,-0.2744117361691078,51.559814453125
2019-04-29,2943.030029296875,3150390000,0.0010709485042338864,0.003975465343016072,70.67366123206592,30.21171340463934,29.631897750267875,-0.6256649293508387,35.6201171875
2019-04-30,2945.830078125,3939760000,0.0009509646987914453,0.003268688440254252,83.97473477647637,30.32110978231458,29.76974015667722,2.163004647026576,40.25
2019-05-01,2923.72998046875,3669330000,-0.00753044585029134,0.0038201969604093147,65.91111908240667,28.298308729209566,29.475453871183692,1.1007136396127337,16.669921875
2019-05-02,2917.52001953125,3802290000,-0.0021262446486827887,0.0038704158984258843,62.402292914901246,25.895623741262625,28.75948784519948,1.4474571480037526,17.070068359375
2019-05-03,2945.639892578125,3357180000,0.00959212747891747,0.004340940664365648,65.0808601454635,25.96125217048666,28.19984071025692,-0.05707340605478635,40.60986328125
2019-05-06,2932.469970703125,3203260000,-0.004481013189072523,0.004432433144994473,59.73635870208993,24.666223671502394,27.493117302506015,-0.5857211514480356,24.5
2019-05-07,2884.050048828125,3793060000,-0.016649488088905522,0.0058842949651120744,43.78208773649759,19.50794576722683,25.896082995450183,1.2670007348562846,-49.6298828125
2019-05-08,2879.419921875,3543110000,-0.0016067153894199682,0.00573185655271641,44.255661380177735,14.87489231585505,23.69184485953116,0.3631378569261525,-47.830078125
2019-05-09,2870.719970703125,3659050000,-0.0030259986619282898,0.0057100866000906175,40.83451597082364,10.381479491917162,21.02977178600836,0.6879033399761303,-55.449951171875
2019-05-10,2881.39990234375,3566780000,0.003713394069918638,0.005780373025452022,43.184013046892915,7.594652259398572,18.342747880686403,0.2749188356061725,-58.47998046875
2019-05-13,2811.8701171875,3900270000,-0.024426469138497504,0.00772066457401965,24.48792590176072,-0.2218437017090764,14.629829564207308,1.4902535307516696,-131.159912109375
2019-05-14,2834.409912109375,3354860000,0.007983987523216093,0.008016374468661103,31.784603328342058,-4.545304546971238,10.794802741971598,-0.6485971554457848,-111.420166015625
2019-05-15,2850.9599609375,3140900000,0.005821994327723055,0.008164052273793977,36.08818014646113,-6.560601262278851,7.323721941121508,-1.3779826141482814,-72.77001953125
2019-05-16,2876.320068359375,3338470000,0.008855957116499086,0.008445259752857748,38.72891929826385,-6.041744236210889,4.650628705655028,-0.5703957893205102,-41.199951171875
2019-05-17,2859.530029296875,3316040000,-0.005854437174043804,0.008516051958537002,35.87616536832577,-6.9057568704988626,2.3393515904242492,-0.612741690968292,-86.10986328125
2019-05-20,2840.22998046875,3293750000,-0.006772257975405369,0.008606799240753306,33.0823085828718,-9.04359679680465,0.06276191297846874,-0.8081731874614514,-92.239990234375
2019-05-21,2864.360107421875,3223050000,0.008459949093190606,0.00858621696000053,40.55010006411875,-8.69057126364487,-1.6879047223461994,-0.9897450462412605,-19.68994140625
2019-05-22,2856.27001953125,3194000000,-0.0028283923638994365,0.008591268618844164,40.30884379809267,-8.960309594880073,-3.1423856968529744,-1.020127587839976,-23.14990234375
2019-05-23,2822.239990234375,3899320000,-0.01198569224128196,0.008916708549073796,30.83375803134271,-11.784177466734036,-4.870744050829188,1.5151637809108207,-48.47998046875
2019-05-24,2826.06005859375,2889230000,0.0013526437720373175,0.008820019381085757,32.97823066234368,-13.55758214146499,-6.60811166895635,-1.8874861867186448,-55.33984375
2019-05-28,2802.389892578125,4146980000,-0.008410950000260244,0.008902171439370771,35.81403870687549,-16.6807177694468,-8.622632889054442,1.9247763932909792,-9.480224609375
2019-05-29,2783.02001953125,3701110000,-0.00693591016723137,0.00891833450974224,34.06929473906749,-20.482700310555174,-10.99464637335459,0.633802789115794,-51.389892578125
2019-05-30,2788.860107421875,3276030000,0.002096272674997037,0.0089117955114467,36.34304138575986,-22.762164517464953,-13.348150002176663,-0.6391155854503369,-62.099853515625
2019-05-31,2752.06005859375,3982670000,-0.013283205250452958,0.00923947302415292,30.15166047236542,-27.22428806736889,-16.123377615215112,1.4917426526422202,-124.260009765625
2019-06-03,2744.449951171875,3952360000,-0.002769070654307939,0.008759471218221387,37.22622132464705,-31.01707961086231,-19.102118014344555,1.2571073953932683,-115.080078125
2019-06-04,2803.27001953125,3814130000,0.021205927081077776,0.010352173924779783,44.81314571860556,-28.942969758887557,-21.07028836325316,0.77314603924911,-36.9599609375
2019-06-05,2826.14990234375,3570760000,0.008128726978813691,0.010015782731639273,45.95282396683946,-25.16294466749696,-21.88881962410192,0.0965453138332297,-38.210205078125
2019-06-06,2843.489990234375,3445140000,0.006116840676004416,0.010139856929365374,44.50065351565247,-20.53137446880919,-21.617330593043377,-0.26030368352838956,-12.780029296875
2019-06-07,2873.340087890625,3244380000,0.010442979247260026,0.010415722756380157,52.216341512343746,-14.287471229809398,-20.151358720396583,-0.7816606729712292,51.10009765625
2019-06-10,2886.72998046875,3209890000,0.004649220074765499,0.010435150918742456,57.60697305863708,-8.164564483851336,-17.753999873087533,-0.8153208288209258,60.669921875
2019-06-11,2885.719970703125,3551000000,-0.0003499414579512858,0.008702666284139607,53.78023235315467,-3.3549424336051743,-14.874188385191061,0.2193514892482178,83.330078125
2019-06-12,2879.840087890625,3039870000,-0.002039657827237423,0.00858508505793703,54.204281492591136,-0.01753754812898478,-11.902858217778647,-1.205989321114182,96.820068359375
2019-06-13,2891.639892578125,3100640000,0.004089010502850191,0.008540306501822718,63.44542028349365,3.5387331782189904,-8.81453993857912,-1.0203989378833838,102.77978515625
2019-06-14,2886.97998046875,2992810000,-0.0016128117861529605,0.008332957589254675,61.764239969223105,5.912926847650851,-5.869046581333125,-1.2274429121207668,134.919921875
2019-06-17,2889.669921875,2828400000,0.0009313154323528439,0.008211371571019142,68.34078766592688,7.920248531633661,-3.1111875587397675,-1.5098249545222977,145.219970703125
2019-06-18,2917.75,3441540000,0.009670489592970687,0.008265344002257315,77.3119873935689,11.64268345034725,-0.1604133569223635,0.0420628550886096,114.47998046875
2019-06-19,2926.4599609375,3300220000,0.0029807167930238428,0.008106428536650893,77.57293551186703,15.121252610161264,2.8959198364943632,-0.3323491240228013,100.31005859375
2019-06-20,2954.179931640625,3943060000,0.00942760533587314,0.008257856430020923,92.03130251482219,19.88558505516221,6.293852880227934,1.192489576921229,110.68994140625
2019-06-21,2950.4599609375,5003540000,-0.0012600162797279978,0.007649148958097279,93.54478809627756,23.094957996663652,9.65407390351508,2.8465632086010983,77.119873046875
2019-06-24,2945.35009765625,3136960000,-0.0017333884605870258,0.007698565227689432,88.85380085724586,24.938609150656248,12.710980952943315,-0.7824628511603596,58.6201171875
2019-06-25,2917.3798828125,3579430000,-0.009541775640387554,0.007783257982565783,74.272370609021,23.86762229914757,14.942309222184166,0.15143580506953405,31.659912109375
2019-06-26,2913.780029296875,3511350000,-0.0012346956788039985,0.007538912886532896,70.17631888770534,22.4693665390364,16.447720685554614,0.03123604381700404,33.93994140625
2019-06-27,2924.919921875,3162500000,0.0038158857925908473,0.00754632078263525,66.58736925741509,22.006458254138124,17.55946819927132,-0.6720659582730725,33.280029296875
2019-06-28,2941.760009765625,5422650000,0.005740941840599626,0.006608571931392282,67.31272322285803,22.736363808479382,18.594847321112933,2.882221035588628,54.780029296875
2019-07-01,2964.330078125,3524860000,0.007643018610953927,0.00651198659524469,71.77691959122666,24.849584567090005,19.84579477030835,-0.025509824826492195,74.66015625
2019-07-02,2973.010009765625,3224490000,0.002923847276988696,0.0050719037218718175,75.41604839934253,26.914471906939525,21.259530197634586,-0.44930329000003694,55.260009765625
2019-07-03,2995.820068359375,1963570000,0.007643095660684157,0.005046853118035946,76.80913034081713,30.04514931849417,23.016654021806506,-2.0204825716624155,69.360107421875
2019-07-05,2990.409912109375,2434680000,-0.0018075342045486649,0.0050931155016062666,76.51369027130207,31.723984976339125,24.75812021271303,-1.2452230133792528,36.22998046875
2019-07-08,2975.949951171875,2922360000,-0.004847173010123794,0.004987540859587878,70.85871791390983,31.524284006971357,26.1113529715647,-0.5772891116262244,25.489990234375
2019-07-09,2979.6298828125,3033330000,0.0012357930584538906,0.0049414581295078325,66.9608346984443,31.302127834132534,27.14950794407827,-0.4193587355997714,34.27978515625
2019-07-10,2993.070068359375,3157800000,0.004500546936082614,0.004960552141474337,67.7959004235768,31.843506000643174,28.088307555391253,-0.2320282450182467,75.690185546875
2019-07-11,2999.909912109375,3155710000,0.002282619578948549,0.004876707834234432,63.75172162656635,32.45040228778771,28.960726501870543,-0.2428846528863983,86.1298828125
2019-07-12,3013.77001953125,2984140000,0.004609534302066538,0.004889577260323149,67.94399481853812,33.66173527247793,29.90092825599202,-0.4575756469978822,88.85009765625
2019-07-15,3014.300048828125,2876100000,0.00017585372838413283,0.004834752441048223,70.06338295323926,34.26945735228446,30.774634075250514,-0.5879945349553833,72.5400390625
2019-07-16,3004.0400390625,3297030000,-0.003409584555010327,0.004987729276524557,78.11448558158396,33.536595440889414,31.327026348378297,-0.07430611337919671,39.7099609375
2019-07-17,2984.419921875,3185650000,-0.006552665466093182,0.004983670091249274,70.75929659417847,31.015094903432782,31.264640059389194,-0.20326323436450927,11.409912109375
2019-07-18,2995.110107421875,3369820000,0.0035755977088190827,0.004997056628487311,70.68180412141233,29.53889025357057,30.91949009822547,0.033200375949161635,-0.7099609375
2019-07-19,2976.610107421875,3285890000,-0.006195889464844692,0.0048556669941280705,60.1692379589999,26.569910653210172,30.049574209222413,-0.03422392638512731,-13.7998046875
2019-07-22,2985.030029296875,3016200000,0.002824701686250326,0.004869020782807526,56.58393552966099,24.612670709586382,28.962193509295204,-0.30705287978600904,9.080078125
2019-07-23,3005.469970703125,3333810000,0.00682414513927642,0.0050282057957563905,59.60578676476963,24.42927097180882,28.055609001797926,0.17494951553651011,25.840087890625
2019-07-24,3019.56005859375,3433220000,0.004677192813475714,0.004426978843705465,57.40761337406394,25.131181083379488,27.470723418114243,0.3439107147599223,26.489990234375
2019-07-25,3003.669921875,3657050000,-0.005276296483599537,0.004655365329755525,53.88354443413212,24.12712617803345,26.802003970098085,0.680092168027098,3.760009765625
2019-07-26,3025.860107421875,3260170000,0.007360535770783042,0.00481223463965923,63.98429954004055,24.8356777211402,26.408738720306506,0.05198164710333133,12.090087890625
2019-07-29,3020.969970703125,3224490000,-0.0016174219290574364,0.004767822355403966,61.50503267467601,24.71768665374566,26.070528306994344,0.284671003882076,6.669921875
2019-07-30,3013.179931640625,3632770000,-0.0025819853720443708,0.004600352393648994,55.778339609511356,23.722132853465155,25.600849216288506,1.3277611712032453,9.139892578125
2019-07-31,2980.3798828125,4626330000,-0.01094520695213996,0.005263586872656717,45.116783321796014,20.05527475181725,24.491734323394258,2.8062284873319445,-4.0400390625
2019-08-01,2953.56005859375,4793810000,-0.009039527568806017,0.00533070856477235,35.86160401025495,14.814356931060502,22.55625884492751,2.685640534760668,-41.550048828125
2019-08-02,2932.050048828125,3882810000,-0.007309388539565105,0.005528598986645597,32.41849998643144,8.823501939978996,19.80970746393781,0.9285452601059283,-44.56005859375
2019-08-05,2844.739990234375,4542850000,-0.030230182169694777,0.008549762365976042,24.38582235150487,-2.9356455555544017,15.260636860039366,1.8896409080184622,-140.2900390625
2019-08-06,2881.77001953125,4156640000,0.012933023911166613,0.009178090829641106,34.369809502708534,-9.161235751386357,10.37626233775422,1.0814266071831946,-123.699951171875
2019-08-07,2883.97998046875,4512720000,0.0007665823338588767,0.009083460753162393,32.629967388425754,-13.758140180441842,5.549381834115007,1.5062396221029855,-135.580078125
2019-08-08,2938.090087890625,4118530000,0.018588462466865085,0.010144335748874632,44.58228317526594,-12.88643975154082,1.8622175169838406,0.7668879304203224,-65.579833984375
2019-08-09,2918.64990234375,3356850000,-0.006638593133657111,0.010126357134216822,40.94456090147735,-13.60741359301801,-1.2317087050165303,-0.5520398480087813,-107.210205078125
2019-08-12,2882.699951171875,3328570000,-0.012393809115915354,0.010396565994835455,33.93191964713657,-16.885011270643645,-4.362369218141954,-0.6676556385065151,-138.27001953125
2019-08-13,2926.320068359375,3857190000,0.015018346267301863,0.011080784657110716,38.67239150694082,-15.780840430229546,-6.646063460559474,0.23343823268173872,-86.85986328125
2019-08-14,2840.60009765625,4325150000,-0.02973035245453567,0.012744934861605307,33.06262983219189,-21.573971019553483,-9.631644972358277,0.980867205391967,-139.77978515625
2019-08-15,2847.60009765625,4041720000,0.0024612366981802422,0.012719526614631903,30.8816128557566,-25.308486768800776,-12.767013331646778,0.40903788760511767,-105.9599609375
2019-08-16,2888.679931640625,3524080000,0.014323058172245003,0.013225334827512458,36.833933491755715,-24.668949824086667,-15.147400630134756,-0.5753395280657347,-43.3701171875
2019-08-19,2923.64990234375,3221050000,0.012033175564397505,0.013540331118546033,41.546913747009725,-21.09713318938475,-16.337347141984758,-1.1950087276007162,78.909912109375
2019-08-20,2900.510009765625,3067710000,-0.007946215312115467,0.013491610625304967,42.31887379076622,-19.9041955394905,-17.050716821485906,-1.4187320959987109,18.739990234375
2019-08-21,2924.429931640625,3016540000,0.008212979557352937,0.013603343608792133,47.18282756591787,-16.834587424450547,-17.007490942078835,-1.4127779375757228,40.449951171875
2019-08-22,2922.949951171875,2893660000,-0.00050620295927854,0.013577297729181693,49.08446033905965,-14.35583777143438,-16.477160307949944,-1.470389802700735,-15.14013671875
2019-08-23,2847.110107421875,3942520000,-0.02628888112283785,0.014493491955355197,50.24408542889441,-18.300100219682008,-16.84174829029636,0.23831901798908547,-71.539794921875
2019-08-26,2878.3798828125,2859790000,0.01092311273079789,0.014825938163207665,49.646676376323505,-18.6873311639888,-17.210864865034846,-1.5208679338033793,-4.320068359375
2019-08-27,2869.159912109375,3537490000,-0.0032083218005562386,0.014826965320686527,48.47768069187623,-19.513252430986086,-17.671342378225095,-0.39804215606724397,-57.16015625
2019-08-28,2887.93994140625,3102480000,0.006524151530562512,0.014814655518351986,44.44540589652553,-18.4398465004665,-17.825043202673378,-1.0133056352730916,47.33984375
2019-08-29,2924.580078125,3177150000,0.012607482441094399,0.015029823384257481,50.632714875598204,-14.465858338016915,-17.153206229742086,-0.8175770108922189,76.97998046875
2019-08-30,2926.4599609375,3009910000,0.0006425807598767749,0.014944953724583961,55.034986839554925,-11.037519600764426,-15.930068903946554,-1.0199570199351717,37.780029296875
2019-09-03,2906.27001953125,3427830000,-0.0069230093326854165,0.013288364487821731,47.56158754383204,-9.83630913987372,-14.711316951131987,-0.1879656461451349,-17.3798828125
2019-09-04,2937.780029296875,3167900000,0.010783725278421427,0.013195744681589081,63.61371628540414,-6.269476129213217,-13.022948786748236,-0.6204019314561124,37.27001953125
2019-09-05,2976.0,3902600000,0.01292591292175976,0.0134636330298094,66.54044676812063,-0.3546152684266417,-10.489282083083918,1.035837024380285,51.570068359375
2019-09-06,2978.7099609375,3209340000,0.0009101908043767861,0.012854071069137612,62.8699163441303,4.499755398353955,-7.491474586796343,-0.45494206105170754,55.760009765625
2019-09-09,2978.429931640625,4031120000,-9.401467889992668e-05,0.012740581629594095,58.69305304265961,8.229419476583644,-4.3472957741203455,1.3646797316598984,131.31982421875
2019-09-10,2979.389892578125,4393040000,0.0003222524259310153,0.012347504362692935,63.46535346698719,11.134316484723058,-1.2509733223516637,1.8617852384679934,101.010009765625
2019-09-11,3000.929931640625,3934370000,0.0072036723263872,0.012021530427649524,63.16606833124924,15.001639860931846,1.9995493143050393,0.906706453140409,131.77001953125
2019-09-12,3009.570068359375,3796990000,0.0028750162782333164,0.009555802934320366,64.5492152848857,18.54987688981737,5.309614829407507,0.7318202084756489,121.630126953125
2019-09-13,3007.389892578125,3557010000,-0.0007246768769660504,0.00958980491428286,85.77354057276375,20.944522911211152,8.436596445768236,0.271109284242904,82.809814453125
2019-09-16,2997.9599609375,4285860000,-0.0031405129163559896,0.009268313054918991,79.57265163682031,21.82974079810856,11.115225316236302,1.700034242531604,71.5
2019-09-17,3005.699951171875,3673250000,0.0025784253724619854,0.008957854631067165,84.01592082406808,22.891950719096712,13.470570396808386,0.36699524273435497,99.429931640625
2019-09-18,3006.72998046875,3458800000,0.00034263328426719085,0.008691248599000065,82.46513043060516,23.545457117124442,15.485547740871597,-0.1297379149101836,68.949951171875
2019-09-19,3006.7900390625,3265660000,1.9974521929475905e-05,0.008565158080294894,78.0829046656392,23.793930255626492,17.147224243822578,-0.5876493141225606,30.7900390625
2019-09-20,2992.070068359375,6103440000,-0.004907599104880387,0.00867228077032177,70.60486869848572,22.54320436496573,18.22642026805121,3.3967087316169158,13.360107421875
2019-09-23,2991.780029296875,3187250000,-9.694061782751375e-05,0.005814445516869121,80.69048307527842,21.283251284790822,18.837786471399134,-0.6519660457290581,13.35009765625
2019-09-24,2966.60009765625,3872800000,-0.00845198896355148,0.005945943400009234,60.83622337232208,18.04490886848089,18.679210950815484,0.24279172240671512,-12.789794921875
2019-09-25,2984.8701171875,3331200000,0.0061396852419639035,0.00592293981318342,53.923779407825954,16.759543475078317,18.295277455668053,-0.5215017894744037,-16.059814453125
2019-09-26,2977.6201171875,3084910000,-0.002431871009613191,0.005899560296391191,49.53651405408998,14.983151289648049,17.632852222464052,-0.8728782547059118,-31.949951171875
2019-09-27,2961.7900390625,3246480000,-0.005330534579128577,0.005474942555352456,43.75005731200287,12.157844612577264,16.537850700486693,-0.648481583550702,-45.599853515625
2019-09-30,2976.739990234375,3249130000,0.005034910215248393,0.005562773442852382,49.09934878286788,10.99832301191509,15.429945162772372,-0.6720138599076955,-21.219970703125
2019-10-01,2940.25,3560750000,-0.012334126945412846,0.006069341042870609,31.278594875858502,7.053646491139716,13.75468542844584,-0.22704278280020398,-65.449951171875
2019-10-02,2887.610107421875,3914180000,-0.01806540418764383,0.006889703259044525,20.406695560068343,-0.3164891822661957,10.940450506303433,0.2404200926951835,-119.119873046875
2019-10-03,2910.6298828125,3515130000,0.007940304773866787,0.006440132808712241,28.677797372659867,-4.250869930185672,7.902186419005612,-0.3250894226528165,-96.16015625
2019-10-04,2952.010009765625,3005600000,0.014116785239259274,0.00728046418923313,41.12420761538092,-3.983940218702628,5.524961091463964,-1.0529244788833285,-40.06005859375
2019-10-07,2938.7900390625,2959050000,-0.00448835227368152,0.007335251255261509,37.34348085102452,-4.783990783246736,3.4631707165218235,-1.017971713493422,-52.989990234375
2019-10-08,2893.06005859375,3370700000,-0.01568315955210993,0.008058720961695201,31.608581545379707,-9.004268262568075,0.969682920703843,-0.3648239423254917,-73.5400390625
2019-10-09,2919.39990234375,2735350000,0.009063296514845923,0.008173970948094118,36.96873807727816,-10.106956606622134,-1.245644984761353,-1.1715707853962354,-65.47021484375
2019-10-10,2938.1298828125,3234400000,0.0063952024117826045,0.008307167413641237,42.051713382638304,-9.361577732158821,-2.8688315342408477,-0.42068070070022595,-39.490234375
2019-10-11,2970.27001953125,3581320000,0.010879579673789056,0.008736363040715248,47.10240207431242,-6.107021237768549,-3.5164694749463887,0.07038934294362975,8.47998046875
2019-10-14,2966.14990234375,2559270000,-0.0013880816732189801,0.008718533220378162,49.935706565321986,-3.816229671790097,-3.5764215143151303,-1.2437148347492903,-10.590087890625
2019-10-15,2995.679931640625,3345090000,0.009906445376489171,0.009005451530806797,51.49567178386821,0.37771169471670873,-2.7855948725087623,-0.11809137410764033,55.429931640625
2019-10-16,2989.68994140625,3230320000,-0.002001544553193733,0.009013721222076441,51.6758530450641,3.1814248071032125,-1.5921909365863671,-0.26299940485155926,102.079833984375
2019-10-17,2997.949951171875,3103470000,0.002759021969775287,0.0090393573213686,55.12848657516639,6.00072873905674,-0.07360700145774539,-0.4280996559965623,87.320068359375
2019-10-18,2986.199951171875,3268970000,-0.003927045709799847,0.009014804873006241,51.3539768089365,7.203878785583129,1.38189015595043,0.0036405046300568267,34.18994140625
2019-10-21,3006.719970703125,3271960000,0.006848114105333746,0.009147639597553511,59.96940276810477,9.701346861159891,3.045781496992323,-0.0001335388781023311,67.929931640625
2019-10-22,2995.989990234375,3527540000,-0.003575049258376838,0.00896670216864882,68.59258514683955,10.691543101086154,4.5749338178110905,0.8960357886366119,102.929931640625
2019-10-23,3004.52001953125,3413600000,0.002843103345830729,0.008887386583417709,66.94950064787963,12.025955106464153,6.065138075541704,0.5055289295999267,85.1201171875
2019-10-24,3010.2900390625,3696510000,0.0019186046591713529,0.00886950207831846,62.07325227010421,13.39467313474961,7.531045087383286,1.2796292035691814,72.16015625
2019-10-25,3022.550048828125,3379060000,0.004064429510656049,0.008790345020186998,67.4209564741403,15.29239119365866,9.083314308638363,0.2605213654327756,52.280029296875
2019-10-28,3039.419921875,3524970000,0.0055658199161177,0.00880391349283297,84.593891522826,17.950679930803744,10.85678743307144,0.6672853653510284,73.27001953125
2019-10-29,3036.889892578125,3594430000,-0.0008327519564807664,0.008241905662179154,81.29224142751804,19.626992929890093,12.610828532435173,0.8735649957407083,41.2099609375
2019-10-30,3046.77001953125,3779660000,0.0032480894008573105,0.006817943780137462,80.36670151523009,21.504832410564177,14.389629308060977,1.5227722664700623,57.080078125
2019-10-31,3037.56005859375,4149310000,-0.0030274386345390905,0.00681387976981492,71.5742080116223,21.9963071151019,15.910964869469163,2.2423436114772204,39.610107421875
2019-11-01,3066.909912109375,3956290000,0.009615930559647514,0.006462571315958002,77.80661435657373,24.471994333692237,17.62317076231378,1.5107966074018182,80.7099609375
2019-11-04,3078.27001953125,4178040000,0.0036972458053124275,0.006293061296463422,75.33282710962739,27.03897158608561,19.50633092706815,1.8144062716469878,71.550048828125
2019-11-05,3074.6201171875,4490590000,-0.0011864027118206639,0.004758188843023348,76.43001714014807,28.45083937081108,21.295232615816737,2.1235163211852077,78.630126953125
2019-11-06,3076.780029296875,4465510000,0.0007022505922896238,0.00456480895797002,75.49982783620115,29.405078181007866,22.917201728854966,1.8411974840375325,72.260009765625
2019-11-07,3085.179931640625,4151990000,0.002726375244280665,0.004478233897292495,82.72720521282022,30.48767825424102,24.43129703393218,1.068898405351861,74.889892578125
2019-11-08,3093.080078125,3508160000,0.002557403145115828,0.00401570524733276,81.15447283360196,31.618642381547943,25.868766103455332,-0.25023241311116157,70.530029296875
2019-11-11,3087.010009765625,3041120000,-0.0019643954133371925,0.004043462971089141,83.97792270760347,31.660177000980184,27.02704828296031,-1.3933490506184534,47.590087890625
2019-11-12,3091.840087890625,3495560000,0.0015634233012630327,0.003589378539166419,83.52275602994023,31.717224009071288,27.965083428182503,-0.38074410935020925,54.9501953125
2019-11-13,3094.0400390625,3513720000,0.0007112815701162954,0.003496988730008559,83.05836095906253,31.575963792550738,28.687259501056154,-0.38056078987903036,47.27001953125
2019-11-14,3096.6298828125,3282090000,0.0008366926144567594,0.0034932106144361314,81.6581147713733,31.312047012741004,29.21221700339313,-0.971290621594147,59.06982421875
2019-11-15,3120.4599609375,3359800000,0.007666028777973181,0.00348628340632973,82.68798991609879,32.64941705547972,29.89965701381045,-0.8030377896813492,53.550048828125
2019-11-18,3122.030029296875,3440140000,0.0005030263228096366,0.0033259548321366494,84.60981167428862,33.4503885870854,30.609803328465443,-0.6390203663559967,43.760009765625
2019-11-19,3120.179931640625,3613670000,-0.0005927700996925261,0.003129484782645898,81.92568966505775,33.54914323799176,31.19767131037071,-0.2194784169555603,45.559814453125
2019-11-20,3108.4599609375,4041010000,-0.0037632564209410676,0.0033780159467938385,80.17531244934517,32.30926225896019,31.419989500088604,0.766082285041576,31.679931640625
2019-11-21,3103.5400390625,3744010000,-0.0015840060861895076,0.0034560069333306916,69.68302403622883,30.577176416311886,31.25142688333326,0.0212845050375443,18.360107421875
2019-11-22,3110.2900390625,3235270000,0.002172573942375937,0.0034084161168786192,68.10269151138716,29.410132791259002,30.88316806491841,-1.2030627872623165,17.2099609375
2019-11-25,3133.639892578125,3514310000,0.0074792518874672075,0.0035543242449754724,77.28862308975687,30.023290541637834,30.711192560262297,-0.5204573492778384,46.6298828125
2019-11-26,3140.52001953125,4600450000,0.0021931636449402277,0.00351277515491423,78.23849440268239,30.710381065498495,30.711030261309542,1.817986414356968,48.679931640625
2019-11-27,3153.6298828125,3035470000,0.0041657356252997445,0.003540251613632859,79.11027956649853,31.94452505887375,30.957729220822387,-1.463757138438361,59.58984375
2019-11-29,3140.97998046875,1743420000,-0.004019286229989053,0.0036164350402300665,69.57977893186327,31.538297800519103,31.07384293676173,-2.9027604746223488,44.35009765625
2019-12-02,3113.8701171875,3285750000,-0.008668483693963605,0.0038090657081809426,59.36808690720894,28.69800760358339,30.598675870126065,-0.466538329224946,-6.58984375
2019-12-03,3093.199951171875,3671580000,-0.006660225258045148,0.004082922218252552,50.42709352504746,24.496764062247166,29.37829350855029,0.17414196621607048,-28.830078125
2019-12-04,3112.760009765625,3702980000,0.006303657608769993,0.004283593819931427,55.30131127547571,22.486372639194542,27.999909334679142,0.3044155663624345,-7.419921875
2019-12-05,3117.429931640625,3360480000,0.0014991269266302707,0.0042881378305918505,55.821781609902295,21.027554065415643,26.605438280826444,-0.19340467452693158,8.969970703125
2019-12-06,3145.909912109375,3483310000,0.009094246030426013,0.004669391160986988,56.94254450519809,21.916882068475843,25.667727038356325,0.09429202489453524,42.369873046875
2019-12-09,3135.9599609375,3400470000,-0.003167833684474369,0.004742180915870911,53.63383812329714,21.570155686011276,24.84821276788732,-0.052698342030587944,25.669921875
2019-12-10,3132.52001953125,3346310000,-0.0010975361689841293,0.004720570847512063,53.19262093682217,20.7782789415769,24.03422600262524,-0.18712020863107515,-1.119873046875
2019-12-11,3141.6298828125,3257650000,0.0029039375293507703,0.00474246709087185,58.69919323857088,20.647785925591506,23.356937987218494,-0.3339868384290544,1.10986328125
2019-12-12,3168.570068359375,4003200000,0.008538667375555057,0.0050480006756994655,65.28897537008018,22.45932003446387,23.177414396667572,1.0204825681722418,14.940185546875
2019-12-13,3168.800048828125,3757650000,7.25791502146863e-05,0.005053704855256749,64.19114886622161,23.641012492945265,23.270134015923112,0.5158189997595746,27.820068359375
2019-12-16,3191.449951171875,4070200000,0.007122360942542787,0.005018159163311646,64.0691508956391,26.104256486493796,23.836958510037253,1.0024918839427164,77.579833984375
2019-12-17,3192.52001953125,3842940000,0.0003352360284609262,0.00501939338699115,63.02346513004388,27.82202567835293,24.63397194370039,0.5510706924354483,99.320068359375
2019-12-18,3191.139892578125,4029950000,-0.0004323936405227425,0.005016646586916835,59.98084915919494,28.74070052268462,25.45531765949724,0.8329516033816325,78.3798828125
2019-12-19,3205.3701171875,3784360000,0.004449378821864254,0.004930903859027224,66.99035755882869,30.268105278134044,26.417875183224606,0.4301812510096315,87.940185546875
2019-12-20,3221.219970703125,6457480000,0.004932595804334098,0.00492926011052734,80.11550194443798,32.38423002193349,27.611146150966384,3.232036681582247,75.31005859375
2019-12-23,3224.010009765625,3064530000,0.0008657687142985109,0.00493356972894209,90.78889271217459,33.89567867779442,28.868052656331997,-0.7006149718843337,88.050048828125
2019-12-24,3223.3798828125,1296530000,-0.00019546730246814044,0.004763766225246516,89.11036034091948,34.64332001956973,30.023106128979542,-2.229138674628406,90.85986328125
2019-12-26,3239.909912109375,2164540000,0.005115062410053991,0.004833288509714681,89.95294949636529,36.1529180515422,31.24906851349208,-1.2364679168369908,98.280029296875
2019-12-27,3240.02001953125,2429150000,3.3984139657930306e-05,0.004804167391701217,87.67104545641114,36.932435984302174,32.3857420076541,-0.9309523390693325,71.449951171875
2019-12-30,3221.2900390625,3021720000,-0.005797596079349905,0.00492376487622723,81.91330835141235,35.628157449963055,33.03422509611589,-0.45850535028123957,52.489990234375
2019-12-31,3230.780029296875,2894760000,0.002941690644190719,0.004341262210822022,85.15803395314626,34.9573041730946,33.41884091151163,-0.5635314307347488,39.330078125
